,term_treq
energi,5163
build,2291
develop,1895
system,1629
technolog,1407
effici,1364
use,1331
market,1109
solut,1104
innov,1083
new,1064
research,970
integr,944
smart,910
base,855
eu,834
cost,830
product,808
provid,802
commun,801
heat,787
industri,773
model,765
data,745
european,738
process,724
design,724
increas,692
high,684
climat,681
sustain,677
support,673
manag,663
gener,636
materi,630
electr,613
power,608
citi,607
perform,599
consumpt,597
implement,584
need,582
servic,572
network,570
demonstr,569
oper,556
level,553
improv,546
reduc,545
user,542
activ,536
impact,532
sector,531
europ,531
applic,529
approach,523
low,521
busi,517
includ,516
chang,513
potenti,512
enabl,512
also,506
differ,505
polici,501
local,500
object,495
renew,492
well,484
plan,479
tool,475
water,475
requir,469
scale,464
demand,461
current,458
challeng,455
result,455
time,452
effect,450
urban,448
exist,436
control,435
make,428
propos,427
stakehold,424
target,419
public,409
year,404
emiss,403
grid,403
combin,394
save,388
storag,382
creat,377
key,375
invest,374
econom,373
allow,369
larg,368
one,367
address,367
area,367
work,367
environment,367
platform,361
optim,359
contribut,354
thermal,350
advanc,349
strategi,348
solar,341
futur,337
consum,335
concept,335
renov,333
end,330
global,329
construct,328
region,328
knowledg,327
sourc,325
environ,323
partner,322
train,322
structur,322
resourc,316
action,315
set,312
countri,311
reduct,310
carbon,309
valu,308
social,305
main,304
within,298
novel,297
devic,297
assess,296
test,294
infrastructur,291
studi,291
compani,291
exploit,288
commerci,286
term,285
lead,285
technic,284
benefit,284
specif,284
toward,283
offer,283
qualiti,281
framework,281
two,280
capac,280
real,273
valid,272
flexibl,272
inform,272
practic,271
enhanc,269
involv,266
mobil,265
way,261
produc,261
transport,260
instal,259
monitor,256
relat,256
order,255
wast,254
cool,252
field,252
across,251
ensur,249
deploy,248
transit,247
nation,246
measur,245
open,243
condit,243
multi,241
pilot,241
first,241
opportun,238
secur,237
consortium,237
distribut,236
avail,234
manufactur,233
goal,231
life,230
bring,229
financi,229
suppli,228
non,227
connect,225
state,224
initi,222
three,221
fuel,221
addit,221
thu,220
case,220
light,220
compon,219
due,219
reach,219
establish,218
deliv,216
replic,214
intern,214
adapt,213
direct,212
understand,211
green,210
expect,210
sme,209
method,209
access,209
engag,209
standard,208
share,207
vehicl,207
financ,207
posit,206
engin,204
hous,204
function,204
citizen,202
experi,201
analysi,199
air,199
major,198
batteri,197
residenti,197
relev,197
phase,196
promot,195
howev,194
rang,192
respons,191
chain,191
wide,190
long,190
togeth,190
appli,189
comput,187
onli,186
becom,186
import,185
overal,184
repres,183
iot,183
dissemin,183
facilit,181
learn,181
dure,180
decis,180
particip,179
veri,179
programm,178
health,176
focu,176
scientif,176
problem,175
retrofit,175
capabl,174
natur,174
reliabl,173
complex,171
identifi,171
follow,171
custom,171
organ,170
scienc,170
sensor,169
district,168
unit,168
plant,168
ga,167
intellig,166
transform,164
signific,164
highli,164
institut,164
methodolog,163
total,163
insul,163
interact,161
competit,161
success,161
limit,161
risk,160
collabor,159
skill,158
dynam,158
evalu,157
site,156
food,156
ict,156
least,156
zero,156
live,156
self,155
part,155
pv,154
world,154
help,154
author,153
architectur,153
digit,152
final,152
million,152
mani,152
scheme,152
mechan,151
group,151
best,150
growth,149
barrier,148
behaviour,148
privat,147
focus,146
cycl,146
start,145
feasibl,145
sever,145
util,144
municip,144
small,143
associ,142
possibl,142
societi,141
transfer,141
equip,140
meet,140
compar,139
grow,139
therefor,138
ecosystem,138
household,138
home,137
wind,137
temperatur,136
economi,136
context,135
charg,135
uniqu,134
better,134
fund,134
adopt,134
space,134
emerg,133
collect,133
beyond,133
full,132
simul,132
cooper,132
expertis,132
issu,132
lower,131
number,131
cell,131
lack,130
type,130
gap,130
harvest,129
concret,129
consid,128
clean,128
predict,128
human,127
next,127
via,127
properti,127
driven,127
optimis,126
govern,126
techniqu,126
like,125
among,125
centr,125
organis,124
continu,124
call,124
expert,123
ani,123
estim,123
packag,123
peopl,123
step,122
electron,122
critic,122
modular,121
modul,121
cover,121
without,121
actor,120
agricultur,120
comfort,120
form,119
deep,118
univers,118
role,118
member,117
resili,117
around,117
select,117
panel,117
consist,116
present,116
acceler,116
exchang,116
price,116
softwar,115
awar,114
program,114
chemic,114
less,114
ii,113
coordin,113
alreadi,112
window,112
fulli,112
link,111
recycl,111
higher,110
big,110
strong,110
regul,110
rate,110
effort,109
element,109
attract,108
physic,108
size,108
defin,108
owner,108
cloud,108
uptak,107
significantli,106
creation,106
made,105
scenario,105
drive,105
locat,105
art,105
autom,105
close,105
facil,105
face,104
featur,103
per,103
individu,103
treatment,103
nzeb,102
mainten,102
complet,102
point,102
mean,101
sinc,101
safeti,101
afford,101
flow,100
prototyp,100
edg,100
necessari,99
maker,99
line,99
glass,99
etc,98
amount,98
stock,97
block,97
second,97
moreov,97
popul,97
singl,97
pump,97
four,96
scalabl,96
greenhous,96
recent,96
variou,95
advantag,95
interest,95
roadmap,95
speed,95
socio,95
directli,94
analys,94
factor,94
explor,94
excel,94
joint,94
primari,93
whole,93
carri,93
altern,93
particular,93
multipl,93
fundament,93
billion,93
friendli,92
foster,92
lab,92
core,92
profession,92
trl,91
leverag,91
pollut,90
tradit,90
recommend,89
academ,89
algorithm,89
analyt,89
transpar,89
load,89
play,88
could,88
loss,88
fossil,88
peer,88
hybrid,88
domain,88
eco,87
machin,87
outcom,87
cut,87
spain,86
educ,86
instrument,85
built,85
circular,85
cross,85
indoor,84
team,84
guarante,84
ad,84
divers,84
extens,84
epc,83
thank,83
free,83
still,83
act,83
overcom,82
introduc,82
disrupt,82
photovolta,82
conduct,82
compet,82
surfac,82
revenu,82
depend,82
coupl,81
balanc,81
societ,81
along,81
today,80
bio,80
tailor,80
especi,80
holist,80
forecast,80
convent,80
central,80
employ,79
refurbish,79
vision,79
stage,79
us,79
intens,79
strateg,79
extrem,79
investig,79
readi,79
would,78
aspect,78
strengthen,78
wp,78
profit,78
place,78
mitig,78
fast,77
ambiti,76
iii,76
internet,76
protect,76
easi,76
extend,76
even,76
intervent,75
metal,75
biomass,75
common,75
composit,75
tackl,74
comprehens,74
prepar,74
micro,74
special,74
asset,74
patent,73
worldwid,73
interdisciplinari,73
becaus,73
incorpor,72
suitabl,72
aggreg,72
land,72
synergi,72
huge,72
perspect,72
breakthrough,72
respect,71
interoper,71
turn,71
safe,71
shift,71
promis,71
meter,71
host,71
last,71
serv,70
island,70
poverti,70
nearli,70
job,70
gain,70
regulatori,70
topic,70
bim,69
ground,69
investor,69
hydrogen,69
decreas,69
wider,69
replac,69
launch,69
virtual,68
led,68
yet,68
map,68
boost,68
regard,68
wireless,68
throughout,68
convers,67
essenti,67
basi,67
minim,67
ghg,67
envelop,67
obtain,66
show,66
gwh,66
occup,66
remain,66
player,66
medium,66
realiz,66
mainli,65
assist,65
output,64
hand,64
dedic,64
partnership,64
five,64
far,64
evid,64
move,64
career,64
ultim,63
option,63
legal,63
solv,63
footprint,63
earli,63
experiment,63
come,63
cultur,63
wastewat,63
procedur,63
must,63
weather,63
commit,63
side,62
empow,62
entir,62
indic,62
go,62
assembl,62
trend,62
principl,61
often,61
avoid,61
solid,61
stabil,61
crucial,61
utilis,61
hub,61
much,60
ee,60
interfac,60
prioriti,60
modern,60
agenc,60
purpos,60
prosum,60
caus,60
turbin,60
find,59
roof,59
upgrad,59
mass,59
heterogen,59
event,59
optic,59
progress,59
neutral,59
detect,59
layer,58
bridg,58
month,58
maxim,58
expens,58
densiti,58
complementari,58
compris,58
car,58
robust,57
consequ,57
substanti,57
near,57
upon,57
recoveri,57
usag,56
leader,56
road,56
cluster,56
driver,56
deriv,56
concern,56
germani,56
ai,56
ambit,56
deal,55
captur,55
dr,55
rais,55
extern,55
polit,55
view,55
give,55
autonom,54
reli,54
esco,54
furthermor,54
poor,54
easili,54
earth,54
store,54
sale,54
union,53
net,53
motiv,53
franc,53
short,53
particularli,53
annual,53
segment,53
raw,53
variabl,53
web,53
maintain,53
artifici,53
numer,53
may,53
top,52
viabl,52
façad,52
hardwar,52
automat,52
plug,52
theoret,52
observ,52
mix,52
feedback,52
massiv,52
exampl,52
pre,52
period,52
remov,51
wall,51
experienc,51
character,51
embed,51
track,51
orient,51
independ,51
detail,51
run,51
uk,51
day,51
horizon,51
roll,51
third,51
pressur,51
paradigm,51
influenc,51
remot,51
itali,50
actual,50
reus,50
person,50
rural,50
reason,50
certif,50
contract,50
input,49
de,49
acoust,49
decarbonis,49
guidelin,49
multidisciplinari,49
profil,49
put,49
ev,49
wave,49
trade,49
compact,49
offic,48
broad,48
convert,48
deliveri,48
intend,48
determin,48
align,48
receiv,48
interconnect,48
rise,48
onlin,48
africa,48
realis,48
refer,47
sound,47
prevent,47
seismic,47
given,47
theori,47
fabric,47
idea,47
clear,47
shape,47
insight,47
consult,47
urgent,47
lighthous,47
quantifi,47
reinforc,47
post,47
bill,47
center,47
vulner,47
six,47
trigger,47
bipv,47
applianc,46
respond,46
sens,46
precis,46
decad,46
game,46
great,46
port,45
typic,45
fellow,45
expand,45
famili,45
dialogu,45
therebi,45
configur,45
paramet,45
commiss,45
viabil,45
volum,44
matur,44
stimul,44
ec,44
pattern,44
ice,44
encourag,44
ventil,44
averag,44
commercialis,44
pathway,44
penetr,43
soil,43
maximum,43
lifetim,43
break,43
affect,43
simultan,43
simpl,43
known,43
stream,43
characterist,43
good,43
proven,43
netherland,43
inclus,42
reaction,42
ocean,42
pcm,42
workshop,42
fulfil,42
almost,42
class,42
cold,42
station,42
matter,42
past,42
dso,42
fire,42
epbd,41
forc,41
civil,41
guid,41
rapid,41
resist,41
gather,40
behavior,40
besid,40
frame,40
mission,40
look,40
maximis,40
stabl,40
greec,40
traffic,40
care,40
passiv,40
induc,40
dhc,39
bodi,39
disciplinari,39
provis,39
henc,39
administr,39
despit,39
protocol,39
sub,39
identif,39
increasingli,39
stop,39
thing,39
decentr,39
atmospher,39
season,39
privaci,39
ecolog,39
incent,39
win,39
media,39
ultra,39
unlock,39
match,39
transmiss,38
standardis,38
constitut,38
format,38
fellowship,38
valuabl,38
crop,38
client,38
insid,38
kw,38
highest,38
parti,38
procur,38
faster,38
complement,38
concentr,38
polym,38
seek,38
everi,38
name,37
implic,37
robot,37
definit,37
node,37
trust,37
similar,37
nexu,37
pillar,37
centric,37
yield,37
combust,37
foundat,37
spatial,37
agreement,37
steel,36
young,36
twin,36
voltag,36
multifunct,36
nois,36
daili,36
membran,36
incom,36
plu,36
survey,36
payback,36
manner,36
film,36
peak,36
turnov,36
ineffici,36
pave,36
join,36
magnet,36
systemat,36
inter,36
geotherm,35
catalyst,35
vertic,35
appropri,35
roi,35
report,35
imag,35
hi,35
upscal,35
shop,35
depth,35
supplier,35
esr,35
dimens,35
dri,35
logist,35
portfolio,35
iv,35
thin,35
cement,35
task,34
laboratori,34
switch,34
biolog,34
decarbon,34
geograph,34
radiat,34
translat,34
reflect,34
prefabr,34
dc,34
elabor,34
weight,34
previou,34
visual,33
found,33
signal,33
disciplin,33
doe,33
empir,33
rapidli,33
calcul,33
wa,33
damag,33
oxid,32
cours,32
suffici,32
linear,32
agenda,32
seri,32
strongli,32
oil,32
rout,32
varieti,32
desir,32
bioenergi,32
get,32
situat,32
tenant,32
approxim,32
contain,32
park,32
inspir,32
histor,32
age,31
strength,31
criteria,31
worker,31
microbi,31
assur,31
adequ,31
aerogel,31
pay,31
back,31
path,31
school,31
want,31
kwh,31
retail,31
suit,31
capit,31
nano,31
introduct,31
vast,30
architect,30
farm,30
pack,30
electrod,30
right,30
channel,30
rail,30
handl,30
although,30
km,30
return,30
synthesi,30
participatori,30
hour,30
basic,30
es,30
sea,30
durabl,30
fit,30
done,30
benchmark,30
liquid,30
boiler,30
domest,30
quantum,30
excess,30
cyber,30
evolut,30
separ,30
spread,30
record,29
memori,29
situ,29
ideal,29
spin,29
execut,29
hot,29
parallel,29
background,29
know,29
forward,29
automot,29
summer,29
poland,29
scope,29
lightweight,29
drastic,29
sell,29
outsid,29
unpreced,29
uncertainti,29
question,29
visibl,29
elimin,29
formul,29
diffus,29
fibr,29
facad,29
plastic,28
heritag,28
heavi,28
hp,28
preserv,28
trial,28
kind,28
proof,28
academia,28
keep,28
examin,28
answer,28
nutrient,28
nowaday,28
era,28
consider,28
describ,28
origin,28
coat,28
code,28
neg,28
mode,28
scientist,28
compos,28
student,28
realiti,28
condens,28
frequenc,28
pursu,28
foreseen,28
fragment,28
instead,28
bank,27
chp,27
foam,27
evolv,27
ever,27
cheaper,27
relationship,27
befor,27
envis,27
laser,27
attent,27
fluid,27
ownership,27
hinder,27
legisl,27
dh,27
prospect,27
hazard,27
award,27
outreach,27
st,27
demo,27
mediterranean,27
farmer,27
radic,27
irrig,27
extract,27
fact,27
qualif,27
old,27
cumul,26
hvac,26
congest,26
geo,26
silicon,26
night,26
taken,26
modifi,26
feder,26
larger,26
north,26
enterpris,26
sensit,26
occur,26
audit,26
particl,26
refin,26
constraint,26
degrad,26
photon,26
wood,26
marin,26
south,26
chemistri,25
highlight,25
pari,25
glaze,25
bottom,25
sun,25
advic,25
semiconductor,25
longer,25
loop,25
dimension,25
board,25
complianc,25
spectrum,25
pool,25
toolbox,25
sweden,25
seriou,25
greater,25
tower,25
territori,25
offshor,25
mathemat,25
ion,25
label,25
entiti,25
confer,25
underli,25
characteris,25
conserv,25
minimis,25
refriger,25
seven,25
euro,25
compound,25
doubl,25
add,24
difficult,24
correspond,24
minimum,24
databas,24
microgrid,24
shown,24
coverag,24
consolid,24
statist,24
largest,24
sewag,24
austria,24
thermoelectr,24
realist,24
threat,24
cc,24
anticip,24
ton,24
vpp,24
toolkit,24
grant,24
campaign,24
gender,24
ca,24
gase,24
budget,24
bu,24
inher,24
discuss,24
anoth,24
regener,24
revolut,24
aesthet,24
compress,24
agent,24
mutual,24
neighbourhood,24
usual,24
lca,24
encompass,24
residu,24
nonlinear,24
choic,24
releas,24
ambient,23
worth,23
acquir,23
kinet,23
aris,23
medic,23
vector,23
alon,23
movement,23
legaci,23
spend,23
forum,23
resid,23
earthquak,23
purchas,23
guidanc,23
portug,23
collector,23
quantit,23
coher,23
turbul,23
railway,23
feedstock,23
updat,23
reveal,23
fill,23
th,23
expans,23
chip,23
themat,23
entri,23
recov,23
recognit,23
dramat,23
ongo,22
isol,22
atom,22
semi,22
bulgaria,22
verif,22
shade,22
prove,22
verifi,22
versatil,22
aid,22
fold,22
pose,22
pipe,22
satellit,22
showcas,22
radio,22
apart,22
slow,22
ip,22
room,22
sold,22
healthi,22
revers,22
estat,21
motor,21
proper,21
leadership,21
rel,21
compat,21
enter,21
norway,21
toxic,21
warm,21
substrat,21
aircraft,21
fleet,21
circuit,21
cee,21
kpi,21
miniatur,21
policymak,21
digitalis,21
un,21
advisori,21
dispos,21
span,21
staff,21
passeng,21
desalin,20
whilst,20
resolut,20
suggest,20
belgium,20
bioga,20
east,20
wellb,20
pipelin,20
qualifi,20
harmon,20
fix,20
fault,20
electrif,20
domin,20
candid,20
adjust,20
emit,20
biggest,20
wearabl,20
extent,20
extra,20
dioxid,20
stand,20
search,20
ccu,20
molecular,20
proposit,20
secap,20
pro,20
accomplish,20
landscap,20
fraction,20
inspect,20
request,20
disast,20
perovskit,19
statu,19
exceed,19
skin,19
costli,19
healthcar,19
app,19
analyz,19
socioeconom,19
exascal,19
miner,19
tech,19
copernicu,19
horizont,19
thick,19
homeown,19
smarter,19
emphasi,19
fair,19
clearli,19
cook,19
amongst,19
throughput,19
volatil,19
augment,19
metabol,19
comparison,19
street,19
proactiv,19
bottleneck,19
brick,19
lot,19
seamless,19
se,19
durat,19
attack,19
widespread,19
inde,19
littl,19
vital,19
differenti,19
ship,19
proprietari,19
harm,19
lifestyl,19
lifecycl,19
coe,19
electrochem,19
vip,19
either,18
specialist,18
decentralis,18
rich,18
creativ,18
specialis,18
drone,18
semant,18
newli,18
dual,18
energet,18
schedul,18
duti,18
sdg,18
dwell,18
subject,18
der,18
discoveri,18
en,18
mw,18
law,18
lift,18
smartphon,18
review,18
tertiari,18
reactor,18
audienc,18
hold,18
trainer,18
onc,18
carrier,18
transact,18
biodivers,18
fog,18
focuss,18
behind,18
asia,18
pan,18
fiber,18
forest,18
piezoelectr,18
recogn,18
certifi,18
turkey,18
portabl,18
primarili,18
thermo,18
satisfi,17
bike,17
whether,17
cabl,17
denmark,17
buse,17
cagr,17
push,17
miss,17
degre,17
underpin,17
hydro,17
overarch,17
confid,17
subsequ,17
truli,17
mostli,17
motion,17
secondari,17
tri,17
drink,17
droplet,17
attribut,17
front,17
properli,17
substitut,17
winter,17
logic,17
gnss,17
perman,17
goe,17
transdisciplinari,17
allianc,17
rule,17
seen,17
pioneer,17
mid,17
kg,17
static,17
recruit,17
mine,17
obstacl,17
restrict,17
failur,17
percept,17
citizenship,17
factori,17
enough,17
ibroad,17
phd,17
vs,17
soft,17
stack,17
coastal,17
aviat,17
finland,17
romania,17
hungari,17
quick,17
intersector,17
fine,17
kit,17
radar,17
fi,17
geometri,16
india,16
bacteria,16
council,16
split,16
accompani,16
hydropow,16
aerosol,16
permit,16
impli,16
presenc,16
strive,16
usabl,16
content,16
demolit,16
date,16
planet,16
pass,16
vari,16
smaller,16
incl,16
begin,16
customis,16
stress,16
mind,16
cope,16
african,16
ua,16
typolog,16
sh,16
decid,16
textil,16
quickli,16
optimum,16
publish,16
enorm,16
lie,16
supervis,16
outdoor,16
categori,16
lesson,16
macro,16
rf,16
airport,16
feed,16
latest,16
rather,16
alway,16
fail,16
ration,16
coach,16
employe,16
nanotechnolog,16
eera,16
salt,16
eur,16
boundari,16
ethanol,16
treat,16
freshwat,16
china,16
pa,16
tempor,16
competitor,16
french,16
reactiv,16
eas,16
outstand,16
wheel,16
nich,15
theme,15
tap,15
think,15
repow,15
republ,15
vacuum,15
nuclear,15
microorgan,15
phenomena,15
prof,15
ngo,15
underground,15
print,15
mount,15
travel,15
oxygen,15
transnat,15
precipit,15
version,15
pt,15
symbiosi,15
strain,15
nb,15
rri,15
qualit,15
upcom,15
sludg,15
ratio,15
multifamili,15
latenc,15
crisi,15
closer,15
exhibit,15
fluctuat,15
floor,15
italian,15
cure,15
ci,15
coven,15
eo,15
compromis,15
draw,15
centuri,15
conceiv,15
hamper,15
half,15
manual,15
habit,15
document,15
envisag,15
intermitt,15
dispers,15
inhabit,15
greatli,15
conflict,15
bundl,15
bn,15
er,15
constrain,15
broader,15
contractor,15
freight,15
contributor,15
dens,15
appeal,15
actuat,15
converg,15
forese,15
hpc,15
constant,15
oven,14
electro,14
tune,14
discret,14
flux,14
vtol,14
charter,14
diseas,14
prefer,14
ten,14
quantiti,14
cognit,14
dataset,14
alloc,14
arrang,14
leak,14
mortgag,14
enrich,14
invas,14
shall,14
revolutionari,14
slovenia,14
gh,14
csp,14
ireland,14
difficulti,14
observatori,14
sie,14
whi,14
jointli,14
emb,14
superior,14
li,14
conceptu,14
traction,14
invert,14
check,14
trajectori,14
bear,14
dissip,14
expos,14
marketplac,14
immedi,14
bed,14
drawback,14
uav,14
iea,14
ident,14
pellet,14
consortia,14
middl,14
height,14
screen,14
classic,14
tip,14
contact,14
mention,14
mentor,14
everyday,14
undertak,14
sc,14
regim,14
ess,14
suffer,14
maritim,14
ml,14
root,14
craftsmen,14
doctor,14
blind,14
mobilis,14
mainstream,14
bandwidth,14
autonomi,14
tree,13
eeb,13
vi,13
gut,13
em,13
easier,13
grade,13
friction,13
northern,13
talent,13
axi,13
organiz,13
scarc,13
trillion,13
democrat,13
assum,13
infrar,13
te,13
synthet,13
believ,13
vibrat,13
electrolyt,13
gmbh,13
switzerland,13
roundtabl,13
oem,13
supervisor,13
fresh,13
iter,13
peri,13
head,13
eic,13
bond,13
porou,13
benefici,13
indirect,13
untap,13
hard,13
prime,13
sunlight,13
transmit,13
microscopi,13
compli,13
cfrp,13
recognis,13
consensu,13
customiz,13
recharg,13
tran,13
nanoparticl,13
flood,13
cultiv,13
equilibrium,13
wheeler,13
burden,13
aerat,13
flame,13
export,13
flagship,13
firm,13
modal,13
react,13
wiser,13
sorption,13
fight,13
topolog,13
wire,13
advisor,13
mayor,13
retain,13
except,13
though,13
fr,13
ancillari,13
forestri,13
czech,13
excit,13
money,12
modif,12
see,12
eed,12
express,12
el,12
index,12
bacteri,12
phone,12
eventu,12
contrast,12
door,12
techno,12
greener,12
inertia,12
physiolog,12
margin,12
unfortun,12
fatigu,12
valv,12
hope,12
favour,12
ferment,12
inland,12
rare,12
barcelona,12
beneficiari,12
sectori,12
sampl,12
count,12
heart,12
ukrain,12
correct,12
copper,12
tonn,12
persist,12
yearli,12
hc,12
humid,12
synchron,12
veget,12
women,12
conveni,12
equat,12
remark,12
eastern,12
illumin,12
uam,12
eem,12
ministri,12
urbanis,12
har,12
umbrella,12
ecodesign,12
distanc,12
pi,12
ar,12
discov,12
chiller,12
discharg,12
revolution,12
lock,12
loan,12
lithium,12
flat,12
shallow,12
river,12
resolv,12
isc,12
electrocatalyst,12
chair,12
processor,12
vienna,12
purif,12
subsidi,12
oblig,12
nrg,12
snow,12
cyclic,12
bulk,12
psycholog,12
commut,12
cypru,12
server,12
interior,12
intermedi,12
represent,12
propuls,12
lv,12
cheap,12
surround,12
conclus,12
filter,12
empa,12
embodi,12
protein,12
orchestr,12
fp,12
simplifi,12
latvia,12
debat,12
saf,11
frequent,11
pile,11
escap,11
rest,11
eh,11
fusion,11
reef,11
heterostructur,11
fractur,11
tco,11
planner,11
undergo,11
genet,11
tank,11
tender,11
cig,11
reconfigur,11
camera,11
repair,11
preliminari,11
blend,11
figur,11
thorough,11
predismart,11
blockchain,11
geolog,11
enso,11
graduat,11
blue,11
bm,11
precast,11
fertil,11
thermostat,11
tunnel,11
rental,11
renown,11
finish,11
exposur,11
rock,11
centralis,11
eit,11
thermodynam,11
rto,11
electromobl,11
ferroelectr,11
explicit,11
german,11
pm,11
border,11
trustworthi,11
contamin,11
unifi,11
divid,11
danger,11
dark,11
never,11
ngcon,11
commod,11
hospit,11
colloid,11
demograph,11
norm,11
depart,11
super,11
devis,11
arctic,11
kick,11
diagnost,11
shell,11
supermarket,11
ipr,11
ash,11
sg,11
vessel,11
interplay,11
attempt,11
wavelength,11
cybersecur,11
navig,11
workflow,11
met,11
steam,11
meteorolog,11
merg,11
yr,11
acquisit,11
microstructur,11
meaning,11
migrat,11
matrix,11
minut,11
compliant,11
spent,11
credit,11
speci,11
southern,11
stringent,11
mt,11
concert,11
cs,11
solder,11
welfar,11
surveil,11
regen,11
beverag,11
ped,11
inexpens,11
draft,11
sw,11
unleash,11
incub,11
pavement,11
dw,11
eea,11
swiss,11
belong,11
perfectli,10
agrobiomass,10
radi,10
multipli,10
crystal,10
lost,10
thermochem,10
ltd,10
strict,10
lod,10
perfect,10
biomethan,10
pace,10
ceram,10
synergist,10
lwg,10
csa,10
encrypt,10
ic,10
pend,10
nanoscal,10
nanostructur,10
pur,10
bem,10
forefront,10
necess,10
letter,10
wealth,10
weak,10
crowdfund,10
morocco,10
unman,10
metric,10
min,10
cascad,10
unknown,10
sand,10
convinc,10
exa,10
redox,10
unlik,10
timber,10
tile,10
phoenix,10
cater,10
error,10
uniform,10
equival,10
spong,10
entail,10
canada,10
builder,10
croatia,10
monetari,10
spanish,10
hydraul,10
molecul,10
magnitud,10
syntroph,10
rc,10
entrepreneurship,10
safer,10
cream,10
sphere,10
aero,10
empower,10
licens,10
eight,10
band,10
choos,10
genom,10
tripl,10
coal,10
viral,10
truck,10
geospati,10
diesel,10
articl,10
shelter,10
gw,10
valoris,10
invis,10
aspir,10
groundwat,10
supramolecular,10
sure,10
possess,10
dispatch,10
ateli,10
serbia,10
intent,10
twofold,10
blueprint,10
practition,10
distinct,10
ppp,10
variat,10
powertrain,10
bound,10
fruit,10
anthropogen,10
deposit,10
ski,10
nm,10
committe,10
nfc,10
deepli,10
basqu,10
contemporari,10
impos,10
civi,10
bankabl,10
importantli,10
pc,10
revis,10
neutron,10
leav,10
sign,10
broaden,10
dashboard,10
sprem,9
rollout,9
curtain,9
strand,9
cohes,9
correl,9
sophist,9
erc,9
seminar,9
substanc,9
cogener,9
daylight,9
dl,9
echo,9
subsystem,9
slovakia,9
scan,9
esm,9
sport,9
disaggreg,9
eq,9
cubbit,9
si,9
solvent,9
synthes,9
rotat,9
cellular,9
devot,9
confin,9
repositori,9
embrac,9
seawat,9
crew,9
shore,9
endur,9
retriev,9
rigor,9
digest,9
streamlin,9
cradl,9
rent,9
tariff,9
enzym,9
collis,9
crack,9
reserv,9
spire,9
chosen,9
meso,9
estonia,9
agre,9
helmet,9
hestia,9
tso,9
true,9
bot,9
kitchen,9
aroma,9
mwh,9
linkag,9
obf,9
gbn,9
literatur,9
pictur,9
gamifi,9
gamif,9
gallbladd,9
white,9
lt,9
photo,9
ubiquit,9
irradi,9
nd,9
globe,9
visualis,9
twh,9
voluntari,9
appear,9
heavili,9
happen,9
poorli,9
labour,9
latter,9
nl,9
nine,9
unconvent,9
neighbour,9
graphen,9
grand,9
anaerob,9
lec,9
ledger,9
waterway,9
america,9
tuneabl,9
neon,9
luminair,9
lake,9
master,9
ordinari,9
ff,9
mapkit,9
intak,9
mio,9
aerial,9
random,9
exponenti,9
vibrant,9
cap,9
unsustain,9
capitalis,9
workforc,9
mileston,9
capex,9
might,9
microfluid,9
hydrolog,9
magneto,9
backbon,9
industrialis,9
explain,9
personalis,9
intuit,9
manipul,9
madrid,9
catalyt,9
momentum,9
selector,8
interfer,8
descript,8
destruct,8
paper,8
disturb,8
attain,8
ingredi,8
inject,8
sensibl,8
inorgan,8
display,8
onto,8
outlin,8
visit,8
ir,8
vicin,8
intrus,8
israel,8
iss,8
jet,8
intrins,8
intra,8
diatom,8
interview,8
interrel,8
nutrit,8
shortag,8
shortcom,8
assumpt,8
np,8
otherwis,8
video,8
alongsid,8
landfil,8
confirm,8
moment,8
credibl,8
aforement,8
spectral,8
mankind,8
craft,8
mm,8
mixtur,8
miniaturis,8
consciou,8
mb,8
cornerston,8
wt,8
microbiolog,8
wwtp,8
microb,8
star,8
meur,8
stone,8
acknowledg,8
youth,8
contractu,8
accommod,8
stimuli,8
steer,8
agil,8
morpholog,8
vr,8
crowd,8
languag,8
latent,8
command,8
lay,8
lcc,8
wear,8
svelt,8
smooth,8
allevi,8
narr,8
nanophoton,8
nanomateri,8
lighter,8
cube,8
solargap,8
list,8
wherea,8
lo,8
wi,8
widen,8
sonnet,8
stronger,8
ms,8
agro,8
mould,8
valuat,8
vapour,8
axl,8
proxim,8
themselv,8
chamber,8
formal,8
freeli,8
tremend,8
emfl,8
gan,8
gb,8
gdp,8
box,8
reward,8
probono,8
probabl,8
glazer,8
valor,8
ro,8
telecommun,8
electrochrom,8
electrochemistri,8
gr,8
electrifi,8
boat,8
elast,8
rooftop,8
ropeway,8
popular,8
circl,8
foresight,8
fli,8
circul,8
resort,8
cdw,8
caviti,8
recreat,8
catalys,8
equit,8
recast,8
equal,8
relianc,8
epo,8
eoco,8
ren,8
render,8
realli,8
fall,8
familiar,8
fan,8
fashion,8
rd,8
fertilis,8
ran,8
town,8
finalis,8
firstli,8
fixat,8
buy,8
qivivo,8
qbiss,8
round,8
propag,8
phenomenon,8
payment,8
pe,8
ie,8
drop,8
seamlessli,8
unparallel,8
bind,8
histori,8
hoc,8
photosynthesi,8
bimerr,8
hundr,8
scarciti,8
phev,8
clay,8
score,8
pharaon,8
hr,8
tax,8
drought,8
mesocryst,8
eindhoven,8
sediment,8
incid,8
baselin,8
inadequ,8
biofuel,8
pld,8
passport,8
ce,7
thrive,7
conform,7
wise,7
calcium,7
cai,7
cabin,7
zeb,7
threaten,7
confront,7
coil,7
ta,7
cen,7
zdm,7
auror,7
aeronaut,7
cea,7
workload,7
storey,7
write,7
adsorpt,7
storm,7
auto,7
carbonac,7
bicar,7
attest,7
unstabl,7
assign,7
basin,7
bev,7
tourism,7
calibr,7
articul,7
circumvent,7
wine,7
templat,7
tu,7
classif,7
biodegrad,7
bioeconomi,7
superhom,7
substat,7
aluminium,7
tc,7
supereh,7
bold,7
supercomput,7
amplifi,7
subsurfac,7
watch,7
unabl,7
annum,7
wait,7
tz,7
biorefineri,7
uab,7
bkh,7
webinar,7
weed,7
certain,7
virtuou,7
cleantechblock,7
cleaner,7
transduc,7
windibox,7
anti,7
agribit,7
videowindow,7
broadli,7
charact,7
bright,7
ahead,7
array,7
brand,7
tangibl,7
terrestri,7
bpe,7
submit,7
subscript,7
chiral,7
airmour,7
binder,7
tunabl,7
russia,7
incred,7
prioritis,7
left,7
nevertheless,7
geometr,7
elg,7
ribuild,7
ri,7
rhc,7
newcom,7
elv,7
dsm,7
lean,7
geographi,7
geofluid,7
lc,7
probabilist,7
later,7
encapsul,7
none,7
nesoi,7
rome,7
ek,7
geoss,7
incentivis,7
precursor,7
prefab,7
premis,7
ecemf,7
sci,7
nanocomposit,7
eensul,7
indian,7
let,7
effluent,7
neglig,7
partial,7
princip,7
rtd,7
eip,7
routin,7
encor,7
endeavour,7
photosynthet,7
june,7
redesign,7
fresco,7
exercis,7
expenditur,7
older,7
exterior,7
rational,7
invent,7
fc,7
opex,7
optoelectron,7
intersect,7
qube,7
publicli,7
flight,7
outlook,7
flander,7
iwt,7
instanc,7
normal,7
nze,7
notabl,7
enforc,7
enit,7
prolifer,7
promin,7
enpc,7
reproduc,7
infinit,7
regular,7
esmart,7
pandem,7
novelti,7
kunak,7
nox,7
evapor,7
innopath,7
kic,7
dst,7
flex,7
munich,7
hydrousa,7
hw,7
hydrocarbon,7
soltil,7
solmat,7
helix,7
cu,7
sofc,7
platina,7
smartspin,7
sisal,7
smarthé,7
pragmat,7
mill,7
mchp,7
percentag,7
healthier,7
death,7
defenc,7
sophia,7
personnel,7
sota,7
helsinki,7
continuum,7
merit,7
convect,7
startup,7
cop,7
piec,7
stair,7
corpor,7
corridor,7
hire,7
metro,7
pev,7
mezero,7
crane,7
mem,7
sovereignti,7
pesticid,7
poc,7
heater,7
mirror,7
shar,7
multilevel,7
multilay,7
msa,7
dlt,7
portion,7
lumiduct,7
session,7
settlement,7
mortal,7
machineri,7
downscal,7
disassembl,7
peatland,7
monolith,7
downstream,7
diagnosi,7
iano,7
deviat,7
moder,7
passion,7
harmonis,7
silent,7
bi,6
incentiv,6
overh,6
ph,6
increment,6
insuffici,6
hpp,6
bar,6
interdepend,6
imped,6
immens,6
ventur,6
intensif,6
implicit,6
vcsel,6
intensifi,6
particul,6
instabl,6
aurora,6
van,6
parma,6
iaq,6
ba,6
peb,6
parkunload,6
inequ,6
hydrogo,6
infer,6
unnecessari,6
bambeng,6
pdbu,6
beenergi,6
unlimit,6
perceiv,6
iee,6
indigen,6
uv,6
austrian,6
contin,6
anxieti,6
atlanti,6
mashcream,6
mismatch,6
manur,6
mandat,6
man,6
ag,6
macroscop,6
luminesc,6
ltt,6
mre,6
agrowfab,6
ahu,6
multimod,6
airborn,6
multitud,6
aircran,6
wherebi,6
lightyear,6
minor,6
masonri,6
western,6
workplac,6
metagenom,6
merger,6
methan,6
methanol,6
accsess,6
metropolitan,6
medicin,6
ww,6
microbiom,6
mechanist,6
adsorb,6
meant,6
advertis,6
wors,6
advis,6
microwav,6
advoc,6
nanochannel,6
airshad,6
osn,6
nottingham,6
volcano,6
approv,6
voic,6
aquif,6
kindow,6
nurtur,6
virgin,6
villag,6
item,6
occupi,6
isecap,6
irw,6
ionic,6
invalu,6
opv,6
intermediari,6
oscil,6
volcanolog,6
note,6
al,6
api,6
alcohol,6
week,6
ligand,6
lidar,6
liberti,6
lh,6
length,6
neighborhood,6
lend,6
neither,6
learnt,6
wastag,6
warn,6
anim,6
antenna,6
ni,6
nordic,6
hotel,6
prevail,6
pick,6
taxat,6
efficaci,6
eenvest,6
satisfact,6
eeaa,6
scatter,6
ecrew,6
ecm,6
clec,6
click,6
scw,6
sdo,6
cliff,6
drug,6
synerg,6
drawn,6
cm,6
swn,6
cmo,6
seem,6
clad,6
saferup,6
dome,6
safeguard,6
endpoint,6
cert,6
enclosur,6
restor,6
champion,6
chanc,6
rethink,6
emitt,6
reusabl,6
embark,6
revisit,6
termin,6
elipt,6
elettrosystem,6
electromagnet,6
electrolysi,6
telecom,6
rotor,6
sa,6
dope,6
cofund,6
energica,6
smr,6
curv,6
compressor,6
sole,6
crystallin,6
conclud,6
sorbent,6
concurr,6
sought,6
crossbar,6
criaterra,6
specifi,6
specimen,6
counterpart,6
squar,6
sri,6
srl,6
stori,6
constitu,6
stochast,6
socialcar,6
compil,6
dissolv,6
cz,6
sequenc,6
surpass,6
dispar,6
dismantl,6
setup,6
collid,6
supplement,6
shave,6
deterior,6
detector,6
sunris,6
simpli,6
deliver,6
color,6
colour,6
deliber,6
commonli,6
slice,6
slope,6
enerag,6
energis,6
hit,6
greenfoot,6
pp,6
twenti,6
grail,6
gradient,6
government,6
goflex,6
stem,6
tube,6
giant,6
previous,6
tryst,6
gff,6
gelclad,6
gear,6
gdpr,6
gateway,6
brazil,6
breath,6
brief,6
gravit,6
gross,6
fuell,6
gu,6
understood,6
hierarch,6
hidden,6
pl,6
underfloor,6
uncov,6
plasmon,6
unclear,6
uncertain,6
biomed,6
platio,6
bior,6
uft,6
polar,6
harsh,6
harbour,6
polymer,6
hack,6
blc,6
trap,6
fs,6
enjoy,6
realvalu,6
exergi,6
tomorrow,6
catalysi,6
exacerb,6
evolutionari,6
tilt,6
redwin,6
tigon,6
tight,6
tiger,6
catastroph,6
euroc,6
ett,6
threshold,6
ethic,6
reject,6
cec,6
enlight,6
cementiti,6
rebound,6
fastest,6
frontier,6
favor,6
proport,6
brought,6
bs,6
fox,6
buildinterest,6
provinc,6
fogprotect,6
flourish,6
burn,6
burner,6
flaminco,6
quantif,6
cablesmart,6
tpv,6
filtrat,6
fifteen,6
feutur,6
ramp,6
tough,6
zinc,6
